beneficiaryId,firstName,lastName
1,Elsie,Myrilla
2,Estell,Suanne
3,Nikki,Rosemary
4,Rivalee,Weide
5,Daryl,Fillbert
6,Elvira,Catie
7,Ada,Joli
8,Correy,Linskey
9,Alejandra,Delp
10,Doralynne,Deegan
11,Emylee,Tamar
12,Vivia,Fleeta
13,Brianna,Roche
14,Desirae,Stelle
15,Drucie,Klemperer
16,Babita,Sharl
17,Ardeen,Wandie
18,Oralee,Jerold
19,Flo,Warthman
20,Amelia,Gemini
21,Fredericka,Ummersen
22,Codie,Skurnik
23,Rubie,Lemuela
24,Jaime,Kiyoshi
25,Giustina,Allys
26,Loree,Chinua
27,Verla,Pyle
28,Angelique,Kazimir
29,Moyna,Ephrem
30,Dotty,Joseph
31,Jobi,Mott
32,Zondra,Larochelle
33,Cathie,Letsou
34,Glenda,Posner
35,Annice,Bollay
36,Lily,Olnee
37,Sandie,Tufts
38,Mahalia,Nikaniki
39,Feliza,Dahlia
40,Karena,Jefferey
41,Constance,Sinegold
42,Janeczka,Alcott
43,Karena,Krystle
44,Aurelie,Friede
45,Willetta,Ventre
46,Celene,Rossner
47,Anthia,Denis
48,Orsola,Verger
49,Atlanta,Decato
50,Paola,Thad
51,Lila,Septima
52,Brooks,Kussell
53,Adriana,Shaddock
54,Lonnie,Gerge
55,Caryl,Dowski
56,Goldie,Ortrude
57,Damaris,Woodberry
58,Shell,Therine
59,Dode,Infield
60,Ardeen,Bord
61,Jerry,Ramona
62,Vita,Sophronia
63,Daune,Randene
64,Ronna,Monaco
65,Katharina,Japeth
66,Elena,Cosenza
67,Stacey,Lalitta
68,Felice,Sallyann
69,Dulce,Sisile
70,Merrie,Pierette
71,Flo,Tomasina
72,Lauryn,Bari
73,Melisent,Edee
74,Maryellen,Raul
75,Melisent,Schwejda
76,Wileen,Hamil
77,Raquela,Hoban
78,Reeba,Hathaway
79,Christal,Bakerman
80,Corina,Hoban
81,Halette,Moseley
82,Marcelline,Shaver
83,Marnia,Chabot
84,Ruthe,Gordon
85,Shell,Hartnett
86,Kary,Merat
87,Babita,Kinnard
88,Gavrielle,Eben
89,Meghann,Rese
90,Vivia,Callista
91,Roberta,Kinnard
92,Keelia,Ailyn
93,Magdalena,Jerald
94,Pamella,Madox
95,Lizzie,Weide
96,Brianna,Berard
97,Averyl,Zeeba
98,Belva,Suk
99,Susette,Ardra
100,Grier,Tyson
101,Asia,Brunell
102,Corry,Yate
103,Jessamyn,Neils
104,Chloris,Roche
105,Dania,Bennie
106,Katleen,Hunfredo
107,Caritta,Schonfeld
108,Justinn,Vittoria
109,Jolyn,Hachmin
110,Danika,Kinnard
111,Albertina,Brady
112,Nannie,Simmonds
113,Rori,Minetta
114,Nerta,Christal
115,Carolina,McNully
116,Dorothy,Rurik
117,Ana,Read
118,Alyda,Lenny
119,Patricia,Azeria
120,Madalyn,Wesle
121,Concettina,Mozelle
122,Tomasina,Jerald
123,Belinda,Bury
124,Augustine,Lumbard
125,Bobinette,Jenness
126,Nannie,Hunfredo
127,Emma,Bendick
128,Nita,Frodi
129,Juliane,Curren
130,Flory,Bluh
131,Elena,Henebry
132,Kayla,Riva
133,Britni,Maples
134,Tonia,Lail
135,Kimberley,Eiser
136,Thalia,Ciro
137,Alie,Crudden
138,Fanny,Lattie
139,Lisette,Adalbert
140,Nananne,Judye
141,Janey,Zuzana
142,Lyssa,Lenny
143,Sam,Philipp
144,Kaia,Danby
145,Darci,Elvyn
146,Rochette,Nedrud
147,Brietta,Quinn
148,Cathyleen,Tyson
149,Mathilda,Warthman
150,Corina,Arquit
151,Flory,Rolf
152,Amara,Alwin
153,Kary,Abbot
154,Marleah,Masao
155,Di,Tengdin
156,Sibella,Nicoline
157,Dania,Sharl
158,Misha,Sekofski
159,Gilda,Yusuk
160,Sean,Baptlsta
161,Gilligan,Fitzsimmons
162,Adele,Warthman
163,Pierette,Sundin
164,Marylou,Carbo
165,Ebonee,Germann
166,Mamie,Ursulette
167,Lanae,Dorine
168,Tina,Darrell
169,Tabbatha,Craggie
170,Dione,Rebecka
171,Dorene,Lowry
172,Hannis,Lattie
173,Lexine,Bashemeth
174,Lanna,Kussell
175,Myrtice,Forrer
176,Coral,Burkle
177,Susan,Brandice
178,Cassondra,Liva
179,Rhoda,Merna
180,Jsandye,Tremayne
181,Gilda,Fulmer
182,Rochette,Norrie
183,Margarette,Kelula
184,Larine,Elisha
185,Mireielle,Ariella
186,Doralynne,Lucienne
187,Delilah,Stacy
188,Ursulina,Michella
189,Susette,Wilkinson
190,Jackie,Lymann
191,Marleah,Phyllis
192,Carmela,Jillane
193,Nataline,Lay
194,Claresta,Ax
195,Siana,Jenness
196,Ardeen,Briney
197,Kaia,Toor
198,Orsola,Kosey
199,Goldie,Morgun
200,Addia,Margarete
201,Stevana,Alice
202,Barbi,Gaal
203,Gretal,Luhe
204,Malina,Voletta
205,Gianina,Gabrielli
206,Tracey,Cristi
207,Abbie,Fennessy
208,Linzy,Olympium
209,Nerta,Luhe
210,Andeee,Azeria
211,Tiffie,Maryanne
212,Pierette,Gladstone
213,Annabela,Nelsen
214,Doralynne,Wilkinson
215,Elbertina,Allys
216,Correy,Edmund
217,Noelle,Pandolfi
218,Catrina,Fitzsimmons
219,Kylynn,Hilbert
220,Kayla,Buckler
221,Janey,Hewitt
222,Mahalia,Malanie
223,Katharina,Elephus
224,Desirae,Pandolfi
225,Shaylyn,Selway
226,Ginnie,Rossner
227,Alejandra,Ellerey
228,Moyna,Sidonius
229,Patricia,Swigart
230,Merci,Blase
231,Meg,Joachim
232,Sean,Vharat
233,Kial,Goode
234,Queenie,Roumell
235,Vanessa,Jillane
236,Imojean,Oscar
237,Annabela,Nance
238,Beatriz,Naashom
239,Nadine,Reidar
240,Mathilda,Arley
241,Nadine,Chabot
242,Joleen,Stilwell
243,Libbie,Himelman
244,Lacie,Wattenberg
245,Miquela,Schroth
246,Sybille,Alcott
247,Max,Peonir
248,Misha,Pascia
249,Lily,Billye
250,Gerrie,Chandler
251,Claresta,Primalia
252,Deloria,Blisse
253,Ruthe,LaRue
254,Peri,Kaja
255,Arabel,Ashely
256,Darci,Lareena
257,Marita,Grayce
258,Verla,Erminia
259,Amii,Marden
260,Xylina,Shuler
261,Kenna,Sinegold
262,Max,Alwin
263,Queenie,O'Carroll
264,Charissa,Kinnard
265,Vita,Trace
266,Dione,Calhoun
267,Eadie,Oster
268,Althea,Cloris
269,Corene,Freddi
270,Ermengarde,Katrine
271,Kristan,Weinreb
272,Alejandra,Thad
273,Catharine,Wenda
274,Valera,Deegan
275,Evita,Meli
276,Iseabal,Grosz
277,Max,Taam
278,Kial,Seagraves
279,Jessamyn,Niles
280,Sibella,Gregrory
281,Nannie,Salchunas
282,Jemie,Willie
283,Courtnay,Knowling
284,Jordan,Center
285,Renie,Granoff
286,Kaia,Liebermann
287,Aryn,Izaak
288,Daphne,Dominy
289,Teriann,Drus
290,Jan,Gamaliel
291,Lucy,Stephie
292,Eve,Warthman
293,Kirstin,Rurik
294,Ileana,Bashemeth
295,Glenda,Leonard
296,Margalo,Natica
297,Minne,Gilbertson
298,Debee,Cyrie
299,Emmey,Charity
300,Britte,Bebe
301,Jean,Elbertina
302,Hollie,Salvidor
303,Rosaline,Philoo
304,Nariko,Fink
305,Claresta,Decato
306,Lonnie,Dreda
307,Janey,Ivens
308,Drucie,Karl
309,Myriam,Catie
310,Clo,Jerold
311,Silvana,McNully
312,Siana,Timon
313,Leia,Chrystel
314,Imojean,Gert
315,Oona,Scammon
316,Fred,Yusuk
317,Helena,Hedve
318,Fred,Erskine
319,Philis,Erminia
320,Georgina,Faro
321,Alia,Corrine
322,Kirstin,Fax
323,Hermione,Phi
324,Zia,Idelia
325,Anthia,Ricarda
326,Raina,Sherrie
327,Livvyy,Sheedy
328,Cordi,Teryn
329,Elka,Adrienne
330,Krystle,Sadowski
331,Ira,Clie
332,Raina,Candy
333,Chloris,Schenck
334,Rayna,Braun
335,Lenna,Kaja
336,Cathyleen,Harned
337,Paulita,Bluh
338,Verla,Milson
339,Madalyn,Kunin
340,Hope,Colp
341,Priscilla,Nahum
342,Sidoney,Candy
343,Lulita,Sidonius
344,Tybie,Bandeen
345,Abbie,Isidore
346,Binny,Tiffa
347,Agnese,Alejoa
348,Tobe,Atcliffe
349,Fawne,Merna
350,Elbertina,Woodberry
351,Karly,Love
352,Cristabel,Pernick
353,Peri,Tarrant
354,Lilith,Cottle
355,Gale,Kronfeld
356,Nyssa,Wenda
357,Heddie,Zenas
358,Christian,Himelman
359,Sashenka,Jammal
360,Gilda,Kauppi
361,Cathie,Fleeta
362,Alisha,Stover
363,Hermione,Fairweather
364,Dawn,Kazimir
365,Penelopa,Lewes
366,Sindee,Hunfredo
367,Renae,Abbot
368,Petronia,Durware
369,Blinni,Dex
370,Orelia,Fulmer
371,Misha,Hertzfeld
372,Kassey,Pattin
373,Cacilie,Luhe
374,Blondelle,Emmaline
375,Aeriela,Cordi
376,Hildegaard,Lia
377,Berta,Emmaline
378,Pollyanna,Larochelle
379,Amara,Larochelle
380,Sallie,Autrey
381,Ricky,Jacinda
382,Gerianna,Nadia
383,Estell,Grayce
384,Tabbatha,Trey
385,Arlina,Celestine
386,Maisey,Roche
387,Jan,Codding
388,Kathy,Joeann
389,Luci,Fax
390,Louella,Eugenia
391,Ginnie,Kravits
392,Cristine,Colbert
393,Teriann,Yoko
394,Amii,Rosalba
395,Drucie,Quent
396,Dolli,Alva
397,Vevay,Lesley
398,Sharlene,Schwejda
399,Kary,Halsey
400,Ann-Marie,Faro
401,Thalia,Ludewig
402,Consuela,Pyle
403,Nessie,Waite
404,Pearline,Therine
405,Paola,Shields
406,Cam,Gale
407,Joelly,Sharl
408,Georgina,Aldric
409,Melanie,Ricki
410,Nariko,Zrike
411,Noelle,Miru
412,Courtnay,Maryanne
413,Alisha,Nedrud
414,Ninnetta,Corabella
415,Mahalia,Faso
416,Emylee,Nelsen
417,Clarice,Leary
418,Heida,Adlare
419,Yvonne,Wattenberg
420,Elfreda,Yoko
421,Nessie,Woodberry
422,Melina,Claudine
423,Adore,Georas
424,Danny,Harday
425,Amara,Goldina
426,Lusa,Skurnik
427,Helena,Middleton
428,Ada,Juliet
429,Noelle,Hourigan
430,Mariann,Kiyoshi
431,Susan,Carlson
432,Ayn,Malina
433,Carly,Durware
434,Maud,Cutlerr
435,Cordi,Luhe
436,Brietta,Burch
437,Almeta,Kirstin
438,Caressa,Waldron
439,Tierney,Thunell
440,Micheline,Hillel
441,Danika,Carey
442,Cacilie,McClimans
443,Gianina,Han
444,Alyssa,Emmy
445,Marguerite,Docilla
446,Kirstin,Ulphia
447,Riannon,Susannah
448,Dolli,Dorothy
449,Marti,Noelyn
450,Trudie,Maryanne
451,Ethel,Grosz
452,Nonnah,Gower
453,Kimmy,Mozelle
454,Danika,Hillel
455,Jan,Rurik
456,Constance,Madox
457,Olivette,Blake
458,Tabbatha,Elo
459,Donnie,Payson
460,Oona,Gibbeon
461,Letizia,Himelman
462,Lila,Marisa
463,Orelia,Bohlin
464,Dolli,Sherfield
465,Lizzie,Khorma
466,Sonni,Hoenack
467,Amelia,Kussell
468,Shannah,Rooney
469,Jeanna,Garlinda
470,Sharlene,Sandye
471,Wilma,Lorenz
472,Molli,Ashely
473,Dawn,Hanshaw
474,Cissiee,Madox
475,Helena,Linskey
476,Jenda,Melan
477,Liana,Anselmi
478,Dorene,Briney
479,Jessamyn,Gamaliel
480,Shauna,Elsinore
481,Alameda,Ricki
482,Ulrike,Hebner
483,Caressa,Noelyn
484,Penelopa,Sprage
485,Chere,Elbertina
486,Jorry,Thomasina
487,Philis,Japeth
488,Andree,Desai
489,Marguerite,Damarra
490,Lily,Medrek
491,Goldie,Roxanna
492,Zsa Zsa,Brenn
493,Bettine,Weitman
494,Imojean,Riva
495,Alex,Peonir
496,Jaime,Kiyoshi
497,Ana,Donoghue
498,Johna,Keily
499,Pollyanna,Cullin
500,Jere,Faust
501,Gale,Blisse
502,Helena,Stuart
503,Kellen,Saint
504,Shaylyn,Laverne
505,Cherrita,Natica
506,Vanessa,Meli
507,Ariela,Gombach
508,Dennie,Socha
509,Collen,Nadia
510,Kenna,Halsey
511,Janenna,Primalia
512,Debee,Olnee
513,Lulita,Mitzi
514,Shaine,Clara
515,Aurore,Montgomery
516,Dode,Edison
517,Linet,Smitt
518,Mariele,Ortrude
519,Meghann,Posner
520,Marika,Annice
521,Charlena,Joachim
522,Corene,Clarissa
523,Natka,Maisey
524,Dyann,Jena
525,Corly,Dalli
526,Christal,Old
527,Sophia,Kaete
528,Gretal,Bach
529,Modestia,Klotz
530,Dianemarie,Hedve
531,Frank,Colbert
532,Jinny,Agle
533,Edyth,Chandler
534,Leeanne,Cassius
535,Nyssa,Rubie
536,Alyda,Cloris
537,Cherrita,Ephrem
538,Genevra,Medrek
539,Renie,Nisbet
540,Adele,Izaak
541,Nannie,Sisile
542,Roz,Israeli
543,Cordi,Hachmin
544,Dorthy,Rad
545,Belinda,Winthorpe
546,Willetta,Leonard
547,Phedra,Si
548,Kayla,Rebecka
549,Roseline,Colbert
550,Vevay,Judye
551,Olwen,Alcott
552,Henriette,Flyn
553,Donnie,Rudolph
554,Gretal,Bonilla
555,Madeleine,Krystle
556,Yolane,Dawkins
557,Cordi,Turne
558,Cindelyn,Sadowski
559,Tiffie,Giff
560,Gabriellia,Chaing
561,Amelia,Celestine
562,Kara-Lynn,Avi
563,Roxane,Killigrew
564,Lyssa,Soneson
565,Aurelie,Lindemann
566,Rosanne,Daniele
567,Dominga,Deegan
568,Cacilie,Mintz
569,Kary,Bohlin
570,Gertrud,Peonir
571,Fayre,Ortrude
572,Elise,Pauly
573,Gwyneth,Docilla
574,Sindee,Wallis
575,Diena,Naashom
576,Hermione,Revkah
577,Sophia,Hailee
578,Kirbee,Ardeha
579,Albertina,Joseph
580,Etta,Schonfeld
581,Nikki,Kare
582,Emelina,Kauppi
583,Kittie,Winthorpe
584,Sophia,Darbie
585,Atlanta,Emmaline
586,Gisela,Lail
587,Vonny,Callista
588,Genevra,Stuart
589,Jessy,Wolfgram
590,Zsa Zsa,Gwenore
591,Wanda,Engdahl
592,Oona,Lory
593,Alexine,Anselmi
594,Emilia,Sandye
595,Nollie,Nance
596,Maisey,Pyle
597,Glynnis,Maisey
598,Almeta,Dituri
599,Benita,Skurnik
600,Deirdre,Maiah
601,Bernardine,Tatianas
602,Cecile,MacIntosh
603,Rosaline,Seagraves
604,Meriel,Isacco
605,Kaia,Olympium
606,Valeda,McNully
607,Shaylyn,Verger
608,Jessy,Plato
609,Cacilie,Anton
610,Mureil,Grosz
611,Liana,Merat
612,Dawn,Hartnett
613,Celestyna,Halsey
614,Karina,Ummersen
615,Meriel,Mauer
616,Sheelagh,Noam
617,Beatriz,Cleo
618,Shauna,Jacqui
619,Selia,Bashemeth
620,Jennica,Dielu
621,Ileana,Bonilla
622,Carolina,Alfons
623,Lonnie,MacIntosh
624,Philis,Sidonius
625,Leia,Swanhildas
626,Margalo,Therine
627,Vanessa,Belldas
628,Dominga,Oriana
629,Quintina,Vernier
630,Lusa,Alice
631,Correy,Cristi
632,Arlina,Mullane
633,Sissy,Trace
634,Beverley,Doig
635,Marti,Ummersen
636,Sharai,Winthorpe
637,Dede,Kravits
638,Jenilee,Jefferey
639,Genevra,Ellord
640,Quintina,Guildroy
641,Rochette,Dituri
642,Farrah,Karna
643,Laurene,Drisko
644,Oona,Remmer
645,Olwen,Atonsah
646,Emylee,Penelopa
647,Gilligan,Egbert
648,Marika,Zina
649,Asia,Cutlerr
650,Ricky,Parette
651,Jacenta,Zamora
652,Diena,Joni
653,Alyda,Raffo
654,Ernesta,Marlie
655,Jaclyn,Liebermann
656,Arabel,Timon
657,Kore,Masao
658,Alejandra,Ciro
659,Susan,Whittaker
660,Molli,Vastah
661,Ursulina,Tannie
662,Vanessa,Teryn
663,Kaia,Beebe
664,Phedra,Bluh
665,Lorne,Maiah
666,Rani,Latini
667,Desirae,Poppy
668,Ana,Nance
669,Ruthe,Meter
670,Aili,Stuart
671,Dione,Sammons
672,Lanae,Hamil
673,Ileana,Pearse
674,Jennica,Liebermann
675,Yolane,Grobe
676,Asia,Holbrook
677,Brana,Kirbee
678,Leia,Kalinda
679,Chrystel,Glovsky
680,Kelly,Earlie
681,Valeda,Alarise
682,Sabina,Hoban
683,Tabbatha,Forrer
684,Roxane,Kirstin
685,Genevra,Sharl
686,Fayre,Avi
687,Mady,Martsen
688,Felice,Schalles
689,Kial,Arquit
690,Devina,Zetta
691,Chickie,Xerxes
692,Nessie,Fadiman
693,Lilith,Haldas
694,Philis,Morgun
695,Lusa,Bouchard
696,Yolane,Orlene
697,Moyna,Bryna
698,Harrietta,Eckblad
699,Rosaline,Rozanna
700,Teddie,Berne
701,Marylou,Sibyls
702,Isa,Deegan
703,Agathe,Hollingsworth
704,Lila,Francene
705,Marsiella,Bluh
706,Drucie,Arley
707,Pierette,Kravits
708,Kore,Wittie
709,Mamie,Atonsah
710,Gilligan,Carbo
711,Rhoda,Leifeste
712,Diena,Jerold
713,Jorry,Zina
714,Ada,Diogenes
715,Olwen,Hedve
716,Sibella,Lunsford
717,Dione,Hillel
718,Abbie,Bashemeth
719,Ursulina,Sallyann
720,Rosene,Duwalt
721,Kristina,Pitt
722,Ingrid,Goth
723,Zia,Morrill
724,Melanie,Beebe
725,Perry,Karylin
726,Millie,Hoenack
727,Dale,Burch
728,Gaylene,Lory
729,Tersina,Jotham
730,Lorne,Peg
731,Karlee,Jary
732,Nonnah,Berl
733,Darlleen,Kravits
734,Cassandra,Carmena
735,Vivia,Anton
736,Sam,Ursulette
737,Harmonia,Marsden
738,Josephine,Penelopa
739,Joy,Lewes
740,Gilligan,Bultman
741,Beth,Himelman
742,Myriam,Seligman
743,Olwen,Ochs
744,Feliza,Curren
745,Amelia,Cressida
746,Fidelia,Alejoa
747,Arlina,Christal
748,Stacey,Bashemeth
749,Devina,Anis
750,Natka,Dorothy
751,Neila,Bebe
752,Hildegaard,Keelia
753,Aaren,Mendez
754,Gaylene,Tarrant
755,Averyl,Wyn
756,Sue,Lattie
757,Rori,Dannye
758,Consuela,Orlene
759,Julieta,Rebecka
760,Merle,Velick
761,Shaine,Dannye
762,Meg,Sinegold
763,Isa,Sinegold
764,Elsie,Natica
765,Tersina,Love
766,Maridel,Pelagias
767,Barbi,Henebry
768,Tami,Maiah
769,Heddie,Gilmour
770,Ileana,Letsou
771,Rochette,Roche
772,Ingrid,Billye
773,Alisha,Gladstone
774,Meg,Vharat
775,Camile,Fancie
776,Christy,Lorain
777,Kaia,Munn
778,Annabela,Lytton
779,Chastity,Roche
780,Doro,Georgy
781,Catrina,Morrill
782,Augustine,Vins
783,Kimmy,Chrystel
784,Sherrie,Lubin
785,Roslyn,Friede
786,Rosaline,Colp
787,Loree,Carleen
788,Rosabelle,Sibyls
789,Arlena,Newell
790,Lizzie,Ranjiv
791,Doralynne,Rona
792,Gerrie,Penelopa
793,Janenna,Dyche
794,Ilse,Kenney
795,Viviene,Lymann
796,Lulita,Wu
797,Beverley,Jalbert
798,Hermione,Magnolia
799,Ruthe,Junie
800,Dagmar,Lytton
801,Corly,Bendick
802,Tressa,Regan
803,Valli,Even
804,Belva,Rossner
805,Tobe,Regan
806,Adriana,Prober
807,Joleen,Smitt
808,Elora,Sallyann
809,Evaleen,Ackerley
810,Winifred,Jena
811,Aubrie,Fadiman
812,Kerrin,Dorcy
813,Joelly,Slifka
814,Vinita,Yam
815,Lauryn,Ralfston
816,Brietta,Rosemary
817,Coral,Autrey
818,Luci,Elo
819,Basia,Mendez
820,Kristan,Campball
821,Gilligan,Hebner
822,Emilia,Shelba
823,Agathe,Valerio
824,Melina,Vernier
825,Lanae,Cherianne
826,Sidoney,Genna
827,Glenda,Lucienne
828,Petronia,Daegal
829,Modestia,Travax
830,Mariann,Gaulin
831,Selia,Helfand
832,Ann-Marie,Radu
833,Arlena,Tamsky
834,Emylee,Colleen
835,Melodie,Rosette
836,Sarette,Odell
837,Dede,Chobot
838,Mallory,Nester
839,Nannie,Judye
840,Aurore,Euridice
841,Justinn,Giule
842,Lyssa,Christine
843,Natka,Jillane
844,Frieda,Reinke
845,Karolina,Nicoline
846,Kalina,Tomasina
847,Leia,Naor
848,Fred,Baylor
849,Liana,Maiah
850,Ezmeralda,Audly
851,Audrie,Lilybelle
852,Monika,Malina
853,Sidoney,Jenness
854,Cristine,Othilia
855,Berget,Peonir
856,Gui,Vacuva
857,Misha,Poll
858,Dorice,McGrody
859,Albertina,Sandye
860,Dania,Dorcy
861,Lenna,Odell
862,Joeann,Ries
863,Genovera,Cordi
864,Deloria,Oriana
865,Orsola,Jess
866,Willetta,Roscoe
867,Elora,Chesna
868,Genevra,Morehouse
869,Merrie,Andrel
870,Gratia,Nore
871,Collen,Kimmie
872,Monika,Fillbert
873,Karina,Francyne
874,Viki,Earlie
875,Dorothy,Bakerman
876,Dotty,Therine
877,Lanna,Brieta
878,Nicoli,Montgomery
879,Tomasina,Bandeen
880,Dale,Chauncey
881,Kara-Lynn,Curren
882,Shandie,Susannah
883,Edee,Holbrook
884,Shaine,Wareing
885,Concettina,Medrek
886,Wileen,Seessel
887,Modestia,Marcellus
888,Gilda,Halsey
889,Paola,Wilkinson
890,Rubie,Blisse
891,Debee,Moseley
892,Nelle,Karl
893,Carmencita,Harned
894,Linzy,Daniele
895,Marita,Dielu
896,Bibby,Orlene
897,Helsa,Carmena
898,Tersina,Luhe
899,Desirae,Peti
900,Albertina,Giule
901,Elsie,Klemperer
902,Janey,Prober
903,Larine,Rustice
904,Wendi,Sherfield
905,Donetta,Letsou
906,Fawne,Whittaker
907,Sashenka,Dulciana
908,Misha,Kare
909,Leona,Sophronia
910,Ebonee,Lutero
911,Myriam,Mozelle
912,Wanda,Swigart
913,Luci,Seligman
914,Kathi,Bettine
915,Veda,Burkle
916,Krystle,Sophronia
917,Heddie,Sawtelle
918,Devina,Tremayne
919,Cherilyn,Rozanna
920,Blondelle,Shama
921,Inga,Seumas
922,Adele,Pozzy
923,Maisey,Elo
924,Margette,Anastatius
925,Shaine,Hanleigh
926,Janis,Creamer
927,Romona,Edvard
928,Philis,Natica
929,Gilligan,Faso
930,Latisha,Gemini
931,Cordi,Wadell
932,Gianina,Rad
933,Dania,Delp
934,Nannie,Elephus
935,Ira,Khorma
936,Winny,Cutlerr
937,Cristabel,Pascia
938,Laure,Tyson
939,Siana,Mayeda
940,Regina,Goldina
941,Clo,Muriel
942,Malina,Neils
943,Roxane,Jehu
944,Marika,Sherfield
945,Ottilie,Payson
946,Glynnis,Idelia
947,Marti,Jerold
948,Farrah,Valerio
949,Dione,Jerald
950,Dorene,Lanita
951,Wileen,Yerkovich
952,Marylou,Wilona
953,Jorry,Fry
954,Lynde,Yoko
955,Emma,Martsen
956,Viki,McClimans
957,Taffy,Kimmie
958,Belva,Blisse
959,Pearline,Dearborn
960,Eve,Hermes
961,Max,Ruvolo
962,Suzette,Taam
963,Catharine,Tryck
964,Alie,Darrell
965,Adelle,Syd
966,Lusa,Bohlin
967,Larine,Tamar
968,Maye,Merell
969,Goldie,Louanna
970,Tera,Deegan
971,Dianemarie,Cutlerr
972,Averyl,Lasley
973,Caressa,Lowry
974,Charmaine,Audly
975,Mildrid,Audly
976,Lilith,Evvie
977,Aubrie,Herrera
978,Andeee,Hamil
979,Carolina,Aaberg
980,Xylina,Graig
981,Gale,Yam
982,Carlie,Taam
983,Rori,Sheng
984,Carilyn,Roxanna
985,Dari,Kaja
986,Heddie,Peg
987,Dulcinea,Hertzfeld
988,Winny,Kevon
989,Fawne,Christine
990,Nessie,Capello
991,Konstance,Cadmar
992,Damaris,Lowry
993,Di,Judye
994,Misha,Hoban
995,Meghann,Brotherson
996,Asia,Keelia
997,Devina,Jorgan
998,Xylina,Pond
999,Misha,Latini
1000,Suzette,Papageno